policy,frames,phase,runs,accesses_per_run,mean_hits,mean_faults,std_faults,mean_hit_ratio,std_hit_ratio
FIFO,4,locality,3,500,218.33333333333334,281.6666666666667,16.862186493255653,0.4366666666666667,0.0337243729865113
FIFO,4,shifted_random,3,500,59,441,6.557438524302,0.118,0.013114877048604005
FIFO,8,locality,3,500,361.6666666666667,138.33333333333334,8.144527815247077,0.7233333333333333,0.01628905563049417
FIFO,8,shifted_random,3,500,125,375,9.643650760992955,0.25,0.019287301521985926
FIFO,12,locality,3,500,411,89,5.291502622129181,0.822,0.010583005244258372
FIFO,12,shifted_random,3,500,186.66666666666666,313.3333333333333,11.590225767142472,0.37333333333333335,0.023180451534284968
LRU,4,locality,3,500,215.66666666666666,284.3333333333333,14.742229591663987,0.43133333333333335,0.02948445918332797
LRU,4,shifted_random,3,500,61,439,7.54983443527075,0.122,0.015099668870541505
LRU,8,locality,3,500,390,110,6.557438524302,0.78,0.013114877048604014
LRU,8,shifted_random,3,500,127.33333333333333,372.6666666666667,16.165807537309522,0.25466666666666665,0.03233161507461904
LRU,12,locality,3,500,448,52,1.7320508075688772,0.896,0.003464101615137758
LRU,12,shifted_random,3,500,187.33333333333334,312.6666666666667,8.386497083606082,0.37466666666666665,0.01677299416721218
Learned,4,locality,3,500,224,276,6.244997998398398,0.448,0.012489995996796807
Learned,4,shifted_random,3,500,58,442,14.0,0.11599999999999999,0.027999999999999997
Learned,8,locality,3,500,421,79,2.6457513110645907,0.842,0.005291502622129186
Learned,8,shifted_random,3,500,116.33333333333333,383.6666666666667,11.590225767142472,0.23266666666666666,0.02318045153428495
Learned,12,locality,3,500,453.3333333333333,46.666666666666664,1.5275252316519468,0.9066666666666667,0.0030550504633038962
Learned,12,shifted_random,3,500,190,310,16.09347693943108,0.38,0.03218695387886216
Optimal,4,locality,3,500,323.6666666666667,176.33333333333334,6.8068592855540455,0.6473333333333333,0.013613718571108104
Optimal,4,shifted_random,3,500,169,331,7.0,0.338,0.013999999999999981
Optimal,8,locality,3,500,442.6666666666667,57.333333333333336,1.5275252316519468,0.8853333333333333,0.0030550504633038962
Optimal,8,shifted_random,3,500,268.3333333333333,231.66666666666666,5.8594652770823155,0.5366666666666667,0.01171893055416464
Optimal,12,locality,3,500,462.6666666666667,37.333333333333336,2.0816659994661326,0.9253333333333333,0.0041633319989322695
Optimal,12,shifted_random,3,500,337,163,6.082762530298219,0.674,0.012165525060596385
