seed,policy,frames,phase,accesses,hits,faults,hit_ratio
307,FIFO,4,locality,500,226,274,0.452
307,FIFO,4,shifted_random,500,60,440,0.12
307,LRU,4,locality,500,227,273,0.454
307,LRU,4,shifted_random,500,62,438,0.124
307,Optimal,4,locality,500,329,171,0.658
307,Optimal,4,shifted_random,500,164,336,0.328
307,Learned,4,locality,500,229,271,0.458
307,Learned,4,shifted_random,500,48,452,0.096
307,FIFO,8,locality,500,371,129,0.742
307,FIFO,8,shifted_random,500,121,379,0.242
307,LRU,8,locality,500,391,109,0.782
307,LRU,8,shifted_random,500,118,382,0.236
307,Optimal,8,locality,500,444,56,0.888
307,Optimal,8,shifted_random,500,266,234,0.532
307,Learned,8,locality,500,419,81,0.838
307,Learned,8,shifted_random,500,104,396,0.208
307,FIFO,12,locality,500,409,91,0.818
307,FIFO,12,shifted_random,500,179,321,0.358
307,LRU,12,locality,500,449,51,0.898
307,LRU,12,shifted_random,500,183,317,0.366
307,Optimal,12,locality,500,465,35,0.93
307,Optimal,12,shifted_random,500,334,166,0.668
307,Learned,12,locality,500,455,45,0.91
307,Learned,12,shifted_random,500,175,325,0.35
308,FIFO,4,locality,500,199,301,0.398
308,FIFO,4,shifted_random,500,52,448,0.104
308,LRU,4,locality,500,199,301,0.398
308,LRU,4,shifted_random,500,53,447,0.106
308,Optimal,4,locality,500,316,184,0.632
308,Optimal,4,shifted_random,500,166,334,0.332
308,Learned,4,locality,500,226,274,0.452
308,Learned,4,shifted_random,500,52,448,0.104
308,FIFO,8,locality,500,356,144,0.712
308,FIFO,8,shifted_random,500,118,382,0.236
308,LRU,8,locality,500,383,117,0.766
308,LRU,8,shifted_random,500,118,382,0.236
308,Optimal,8,locality,500,441,59,0.882
308,Optimal,8,shifted_random,500,264,236,0.528
308,Learned,8,locality,500,420,80,0.84
308,Learned,8,shifted_random,500,118,382,0.236
308,FIFO,12,locality,500,407,93,0.814
308,FIFO,12,shifted_random,500,181,319,0.362
308,LRU,12,locality,500,449,51,0.898
308,LRU,12,shifted_random,500,182,318,0.364
308,Optimal,12,locality,500,461,39,0.922
308,Optimal,12,shifted_random,500,333,167,0.666
308,Learned,12,locality,500,452,48,0.904
308,Learned,12,shifted_random,500,188,312,0.376
309,FIFO,4,locality,500,230,270,0.46
309,FIFO,4,shifted_random,500,65,435,0.13
309,LRU,4,locality,500,221,279,0.442
309,LRU,4,shifted_random,500,68,432,0.136
309,Optimal,4,locality,500,326,174,0.652
309,Optimal,4,shifted_random,500,177,323,0.354
309,Learned,4,locality,500,217,283,0.434
309,Learned,4,shifted_random,500,74,426,0.148
309,FIFO,8,locality,500,358,142,0.716
309,FIFO,8,shifted_random,500,136,364,0.272
309,LRU,8,locality,500,396,104,0.792
309,LRU,8,shifted_random,500,146,354,0.292
309,Optimal,8,locality,500,443,57,0.886
309,Optimal,8,shifted_random,500,275,225,0.55
309,Learned,8,locality,500,424,76,0.848
309,Learned,8,shifted_random,500,127,373,0.254
309,FIFO,12,locality,500,417,83,0.834
309,FIFO,12,shifted_random,500,200,300,0.4
309,LRU,12,locality,500,446,54,0.892
309,LRU,12,shifted_random,500,197,303,0.394
309,Optimal,12,locality,500,462,38,0.924
309,Optimal,12,shifted_random,500,344,156,0.688
309,Learned,12,locality,500,453,47,0.906
309,Learned,12,shifted_random,500,207,293,0.414
